name,profile_picture
daniellemarcan,images/daniellemarcan.jpg
samchapman,images/samchapman.jpg
rosegallagher,images/rosegallagher.jpg
adeolagboyega,images/adeolagboyega.jpg
dendoll,images/dendoll.jpg
beasweetbeauty,images/beasweetbeauty.jpg
allanface,images/allanface.jpg
nikki_makeup,images/nikki_makeup.jpg
meron_aboya,images/meron_aboya.jpg
hannahbaxward,images/hannahbaxward.jpg
priscillaono,images/priscillaono.jpg
katiejanehughes,images/katiejanehughes.jpg
jamiepaigebeauty,images/jamiepaigebeauty.jpg
hungvanngo,images/hungvanngo.jpg
ninaubhi,images/ninaubhi.jpg
makeupbymario,images/makeupbymario.jpg
marioncameleon,images/marioncameleon.jpg
coolgirlswearmugler,images/coolgirlswearmugler.jpg
natashadenona,images/natashadenona.jpg
sabletoothtigre,images/sabletoothtigre.jpg
sokoglam,images/sokoglam.jpg
miramakeup,images/miramakeup.jpg
ritualofme,images/ritualofme.jpg
lisaeldridgemakeup,images/lisaeldridgemakeup.jpg
gelcream,images/gelcream.jpg
ling.kt,images/ling.kt.jpg
jadeywadey180,images/jadeywadey180.jpg
sortofobsessed,images/sortofobsessed.jpg
aliandreeamakeup,images/aliandreeamakeup.jpg
charlottetilbury,images/charlottetilbury.jpg
patrickta,images/patrickta.jpg
violette_fr,images/violette_fr.jpg
maryphillips,images/maryphillips.jpg
riovn,images/riovn.jpg
patmcgrathreal,images/patmcgrathreal.jpg
donni.davy,images/donni.davy.jpg
samvissermakeup,images/samvissermakeup.jpg
namvo,images/namvo.jpg
